publish_id,publish_time
0,2018-05-06
1,2018-05-07
2,2018-05-08
3,2018-05-09
4,2018-05-10
5,2018-05-11
6,2018-05-12
7,2018-05-13
8,2018-05-14
9,2018-05-15
10,2018-05-16
11,2018-05-17
12,2018-05-18
13,2018-05-19
14,2018-05-20
15,2018-05-21
16,2018-05-22
17,2018-05-23
18,2018-05-24
19,2018-05-25
20,2018-05-26
21,2018-05-27
22,2018-05-28
23,2018-05-29
24,2018-05-30
25,2018-05-31
26,2018-06-01
27,2018-06-02
28,2018-06-03
29,2018-06-04
30,2018-06-05
31,2018-06-06
32,2018-06-07
33,2018-06-08
34,2018-06-09
35,2018-06-10
36,2018-06-11
37,2018-06-12
38,2018-06-13
39,2018-06-14
